BMI_Category,Count,Heart_Disease_Rate
Normal weight,68953,6.843792148274912
Obese,87851,11.529749234499324
Overweight,93749,9.295032480346457
Underweight,3127,10.585225455708347
